"******","Internal Test - MARKD6","2256-92F0","034-000-000-086-000-000","","Internal Testing Only","******","v5.70 BETA","Global/SPOP/1","","",1,"","","","","","","","",""," (0/0)","","","",""," (0)","",""," (0)","","30-Day","30-Day","Full",0,"2005/08/23 12:18","UK Install","","MARKD6"
"******","Internal Test - MARKD6","C0A8-000C","192-000-000-168-000-000","","Internal Testing Only","******","v5.70 BETA","Global/SPOP/8","","",15,"Full","Full","Full","Full","Full","Full","Full","Full","Full"," (0/12)","Full","Full","Full","Full","Full (4)","","Full","Full (30)","Full","Full","Full","Full",0,"2005/08/24 13:42","UK Install","","MARKD6"
"******","Internal Test - MARKD6","C0A8-0002","192-000-000-168-000-000","","Internal Testing Only","******","v5.70 BETA","Global/SPOP/8","","",15,"Full","Full","Full","Full","Full","Full","Full","Full","Full"," (16/12)","Full","Full","Full","Full","Full (4)","","Full","Full (20)","Full","Full","Full","Full",0,"2005/10/11 11:58","UK Install","","MARKD6"
"******","Internal Test - MARKD6","","000-000-000-000-000-000","","Internal Testing Only","******","","Prof/4","","",5,"","","","","","","","",""," (0/0)","","","",""," (0)","",""," (0)","","","","",7,"2005/10/12 10:29","UK Auto-Upgrade","","MARKD6"
"******","Internal Test - MARKD6","C0A8-0002","192-000-000-168-000-000","","Internal Testing Only","******","v5.70 BETA","Global/SPOP/CS/16","","",15,"Full","Full","Full","Full","Full","Full","Full","Full","Full"," (0/8)","Full","Full","Full","Full","Full (4)","","Full","Full (30)","Full","Full","Full","Full",0,"2005/10/19 14:26","UK Install","","MARKD6"
"******","Internal Test - MARKD6","C0A8-0002","192-000-000-168-000-000","","Internal Testing Only","******","v5.70 BETA","Prof/SPOP/12","","",15,"Full","Full","Full","Full","Full","Full","Full","Full","Full"," (0/8)","Full","Full","Full","Full","Full (4)","","Full","Full (50)","Full","Full","Full","Full",0,"2005/10/28 11:34","NZ Install","","MARKD6"
"******","Internal Test - MARKD6","09AC-DC53","009-000-000-172-000-000","","Internal Testing Only","******","v5.70 BETA","Prof/SPOP/28","","",5,"Full","Full","Full","Full","Full","Full","Full","Full","Full"," (0/4)","Full","Full","Full","Full","Full (4)","","Full","Full (20)","Full","Full","Full","Full",0,"2005/10/28 11:38","NZ Install","","MARKD6"
"******","Internal Test - MARKD6","C0A8-000C","192-000-000-168-000-000","","Internal Testing Only","******","v5.70 BETA","Global/SPOP/3","WGE v8","GJZ7CZ7YXVKX295JTTFA729K",3,"","","","","","Full","","","","Full (0/3)","","Full","",""," (0)","",""," (0)","Full","Full","Full","",0,"2005/10/28 15:30","UK Install","","MARKD6"
"******","Internal Test - MARKD6","C0A8-0002","192-000-000-168-000-000","","Internal Testing Only","******","v5.70 BETA","Euro/4","","",5,"","","Full","","","","","",""," (0/0)","","","",""," (0)","",""," (0)","","","Full","",0,"2005/11/15 09:05","UK Install","","MARKD6"
"******","Internal Test - MARKD6","C0A8-0002","192-000-000-168-000-000","","Internal Testing Only","******","v5.70 BETA","Global/SPOP/CS/16","","",20,"Full","Full","Full","Full","Full","Full","Full","Full","Full"," (0/20)","Full","Full","Full","Full","Full (4)","","Full","Full (10)","Full","Full","Full","Full",0,"2005/11/22 12:01","UK Install","","MARKD6"
"******","Internal Test - markd6","34B4-C648","052-000-000-180-000-000","","Internal Testing Only","******","v5.70 BETA","Global/SPOP/CS/4","","",5,"Full","Full","Full","Full","Full","Full","Full","Full","Full"," (0/4)","Full","Full","Full","Full","Full (4)","","Full"," (0)","Full","Full","Full","Full",0,"2005/12/02 14:27","UK Install","","markd6"
"******","IRIS Software Ltd - Jill Guy","40D5-4F8B","064-000-000-213-000-000","","Internal Testing Only","******","v5.70 BETA","Global/SPOP/8","","",10,"Full","Full","Full","Full","Full","Full","Full","Full","Full"," (0/8)","Full","Full","Full","Full","Full (4)","","Full","Full (10)","Full","Full","Full","Full",0,"2005/12/20 11:27","UK Install","","markd6"
"******","Internal Test - Don Vini","9952-C1E2","153-000-000-082-000-000","","Internal Testing Only","******","v5.70 BETA","Global/SPOP/2","","",5,"Full","Full","Full","","","","Full","Full","Full"," (0/4)","","Full","Full","Full"," (0)","",""," (0)","Full","Full","Full","Full",0,"2006/02/23 12:04","UK Demo Install","","markd6"
"IRFANS","The Database Team","3411-3053","052-000-000-017-000-000","","","","v5.70 BETA","Global/SPOP/8","","",10,"Full","Full","Full","Full","Full","Full","Full","Full","Full"," (0/4)","Full","Full","Full","Full","Full (4)","","Full","Full (20)","Full","Full","Full","Full",0,"2006/06/12 16:42","UK Install","","markd6"
"******","Internal Test - markd6","C0A8-0002","192-000-000-168-000-000","","Internal Testing Only","******","v5.70 BETA","Prof/SPOP/4","","",5,"Full","Full","Full","Full","Full","Full","Full","Full","Full"," (0/8)","Full","Full","Full","Full","Full (4)","","Full","Full (20)","Full","Full","Full","Full",0,"2006/07/12 14:34","NZ Install","","markd6"
"******","Internal Test - markd6","3525-8020","053-000-000-037-000-000","","Internal Testing Only","******","v5.70 BETA","Global/SPOP/8","","",5,"Full","Full","Full","Full","Full","Full","Full","Full","Full"," (0/8)","Full","Full","Full","Full","Full (4)","","Full","Full (2)","Full","Full","Full","Full",0,"2006/09/05 16:29","UK Install","","markd6"
"******","Internal Test - markd6","5CEB-19B8","092-000-000-235-000-000","","Internal Testing Only","******","v5.70 BETA","Global/SPOP/7","","",8,"Full","Full","Full","Full","Full","Full","Full","Full","Full"," (0/6)","Full","Full","Full","Full","Full (4)","","Full","Full (5)","Full","Full","Full","Full",0,"2006/09/05 16:38","UK Install","","markd6"
"******","Internal Test - NeilF","B6F7-7A42","182-000-000-247-000-000","","Internal Testing Only","******","v5.70 BETA","Global/SPOP/8","","",5,"Full","Full","Full","Full","Full","Full","Full","Full","Full"," (0/4)","Full","Full","Full","Full","Full (4)","","Full","Full (20)","Full","Full","Full","Full",0,"2006/09/12 15:00","UK Install","","markd6"
"******","Internal Test - Neilf","F821-70F0","248-000-000-033-000-000","","Internal Testing Only","******","v5.70 BETA","Global/SPOP/7","","",6,"Full","Full","Full","Full","Full","Full","Full","Full","Full"," (0/8)","Full","Full","Full","Full","Full (4)","","Full","Full (30)","Full","Full","Full","Full",0,"2006/09/12 15:23","UK Install","","markd6"
"******","Internal Test - markd6","6BFE-71B1","107-000-000-254-000-000","","Internal Testing Only","******","v5.70 BETA","Global/SPOP/8","","",5,"Full","Full","Full","Full","Full","Full","Full","Full","Full"," (0/5)","Full","Full","Full","Full","Full (4)","","Full","Full (30)","Full","Full","Full","Full",0,"2006/09/12 15:26","UK Install","","markd6"
"******","Internal Test - markd6","9EB7-3078","158-000-000-183-000-000","","Internal Testing Only","******","v5.70 BETA","Global/SPOP/3","","",3,"Full","Full","Full","Full","Full","Full","Full","Full","Full"," (0/4)","Full","Full","Full","Full","Full (4)","","Full","Full (2)","Full","Full","Full","Full",0,"2006/09/12 16:27","UK Install","","markd6"
"******","Internal Test - PaulR","C0A8-0002","192-000-000-168-000-000","","Internal Testing Only","******","v5.70 BETA","Global/SPOP/8","","",10,"Full","Full","Full","Full","Full","Full","Full","Full","Full"," (0/4)","Full","Full","Full","Full","Full (4)","","Full","Full (20)","Full","Full","Full","Full",0,"2006/09/18 09:52","UK Install","","markd6"
"******","Internal Test - markd6","109B-F404","016-000-000-155-000-000","","Internal Testing Only","******","v5.70 BETA","Global/SPOP/4","","",5,"Full","Full","Full","Full","Full","Full","Full","Full","Full"," (0/4)","Full","Full","Full","Full","Full (4)","","Full","Full (30)","Full","Full","Full","Full",0,"2006/09/18 10:10","UK Install","","markd6"
"******","Internal Test - Barry","00B4-E6DC","000-000-000-180-000-000","","Internal Testing Only","******","v5.70 BETA","Global/SPOP/3","","",5,"Full","Full","Full","Full","Full","Full","Full","Full","","Full (0/4)","Full","Full","Full","Full","Full (4)","","Full","Full (4)","Full","Full","Full","Full",0,"2006/09/25 15:12","UK Install","","markd6"
"******","Internal Test - markd6","67BB-5817","103-000-000-187-000-000","","Internal Testing Only","******","v5.70 BETA","Global/SPOP/CS/16","NT/10","123456789012345678901234",15,"Full","Full","Full","Full","Full","Full","Full","Full","","Full (0/8)","Full","Full","Full","Full","Full (4)","","Full","Full (40)","Full","Full","Full","Full",0,"2006/10/05 15:30","UK Install","","markd6"
"******","Internal Test - markd6","5487-E193","084-000-000-135-000-000","","Internal Testing Only","******","v5.70 BETA","Global/SPOP/12","WGE v8","STF2SQF4ZJ4R99AJPJEUCCYF",10,"Full","Full","Full","Full","Full","Full","Full","Full","Full"," (0/8)","Full","Full","Full","Full","Full (4)","","Full","Full (40)","Full","Full","Full","Full",0,"2006/10/09 09:36","UK Install","","markd6"
"******","Internal Test - markd6","5CCD-BEB7","092-000-000-205-000-000","","Internal Testing Only","******","v5.70 BETA","Global/SPOP/8","","",5,"Full","Full","Full","Full","Full","Full","Full","Full","Full"," (0/12)","Full","Full","Full","Full","Full (4)","","Full","Full (30)","Full","Full","Full","Full",0,"2006/10/09 15:42","UK Install","","markd6"
"******","Internal Test - markd6","B486-FD90","180-000-000-134-000-000","","Internal Testing Only","******","v5.70 BETA","Global/SPOP/CS/8","NT/10","111111111111111111111111",10,"Full","Full","Full","Full","Full","Full","Full","Full","Full"," (0/2)","Full","Full","Full","Full","Full (4)","","Full","Full (2)","Full","Full","Full","Full",0,"2006/10/09 16:37","UK Install","","markd6"
"******","Internal Test - PRutherford440","5AC8-0B3F","090-000-000-200-000-000","","Internal Testing Only","******","v5.70 BETA","Global/SPOP/CS/12","","",10,"Full","Full","Full","Full","Full","Full","Full","Full","Full"," (0/8)","Full","Full","Full","Full","Full (6)","","Full","Full (30)","Full","Full","Full","Full",0,"2006/10/18 15:28","UK Install","","markd6"
"******","COM Toolkit Course","6BFE-71B1","107-000-000-254-000-000","","Internal Testing Only","******","v5.70 BETA","Global/SPOP/4","WGE v8","AAAAAAAAAAAAAAAAAAAAAAAA",4,"Full","Full","Full","Full","Full","Full","Full","Full","Full"," (0/8)","Full","Full","Full","Full","Full (1)","","Full","Full (2)","Full","Full","Full","Full",0,"2006/10/25 15:22","UK Install","","markd6"
"******","Internal Test - markd6","C0A8-000C","192-000-000-168-000-000","","Internal Testing Only","******","v5.70 BETA","Global/SPOP/4","","",4,"Full","Full","Full","Full","Full","Full","Full","Full","Full"," (0/4)","Full","Full","Full","Full","Full (1)","","Full","Full (2)","Full","Full","Full","Full",0,"2006/10/26 12:18","UK Install","","markd6"
"******","Internal Test - markd6","C0A8-000C","192-000-000-168-000-000","","Internal Testing Only","******","v5.70 BETA","Global/SPOP/2","","",10,"Full","Full","Full","Full","Full","Full","Full","Full","Full"," (0/12)","Full","Full","Full","Full","Full (4)","","Full","Full (30)","Full","Full","Full","Full",0,"2006/10/26 12:24","UK Install","","markd6"
"******","Internal Test - markd6","0000-0000","000-000-000-000-000-000","","Internal Testing Only","******","v5.70 BETA","Global/SPOP/12","","",10,"Full","Full","Full","Full","Full","Full","Full","Full","","Full (0/2)","Full","Full","Full","Full","Full (4)","Full","","Full (1)","Full","Full","Full","Full",0,"2006/10/26 16:07","UK Install","","markd6","Full"
"******","Internal Test - markd6","C0A8-000C","192-000-000-168-000-000","","Internal Testing Only","******","v5.70 BETA","Global/SPOP/8","","",15,"Full","Full","Full","Full","Full","Full","Full","Full","Full"," (0/8)","Full","Full","Full","Full","Full (4)","","Full","Full (30)","Full","Full","Full","Full",0,"2006/10/26 16:49","UK Install","","markd6","Full"
"******","Internal Test - markd6","C0A8-000C","192-000-000-168-000-000","","Internal Testing Only","******","v5.70 BETA","Global/SPOP/8","","",10,"Full","Full","Full","Full","Full","Full","Full","Full","Full"," (0/8)","Full","Full","Full","Full","Full (4)","","Full","Full (1)","Full","Full","Full","Full",0,"2006/10/30 10:22","UK Install","","markd6","Full"
"******","Don Vini Enterprises","09AC-DC53","009-000-000-172-000-000","","Internal Testing Only","******","v5.70 BETA","Global/SPOP/8","","",10,"Full","Full","Full","Full","Full","Full","Full","Full","Full"," (0/8)","Full","Full","Full","Full","Full (4)","","Full","Full (30)","Full","Full","Full","Full",0,"2006/11/16 08:27","UK Install","","markd6","Full"
"******","Internal Test - markd6","ABB5-1658","171-000-000-181-000-000","","Internal Testing Only","******","v5.70 BETA","Global/SPOP/4","","",7,"Full","Full","Full","Full","Full","Full","Full","Full","Full"," (0/10)","Full","Full","Full","Full","Full (4)","","Full","Full (1)","Full","Full","Full","Full",0,"2006/11/16 17:10","UK Install","","markd6","Full"
"******","Internal Test - markd6","1FCA-5DED","031-000-000-202-000-000","","Internal Testing Only","******","v5.70 BETA","Global/SPOP/8","","",20,"Full","Full","Full","Full","Full","Full","Full","Full","Full"," (0/8)","Full","Full","Full","Full","Full (4)","","Full","Full (1)","Full","Full","Full","Full",0,"2006/11/17 17:09","UK Install","","markd6","Full"
"******","Derrick Lambert Inc","1FCA-5DED","031-000-000-202-000-000","","Internal Testing Only","******","v5.70 BETA","Global/SPOP/8","","",5,"Full","Full","Full","Full","Full","Full","Full","Full","Full"," (0/4)","Full","Full","Full","Full","Full (4)","","Full","Full (1)","Full","Full","Full","Full",0,"2006/11/21 09:28","UK Demo Install","","markd6","Full"
"******","Internal Test - markd6","C0A8-000C","192-000-000-168-000-000","","Internal Testing Only","******","v5.70 BETA","Global/SPOP/2","","",2,"","","","","","","","",""," (0/0)","","","",""," (0)","",""," (0)","","","","",0,"2006/11/21 16:41","UK Install","","markd6",""
"******","Internal Test - markd6","587B-8620","088-000-000-123-000-000","","Internal Testing Only","******","v5.70 BETA","Global/SPOP/8","","",10,"Full","Full","Full","Full","Full","Full","Full","Full","Full"," (12/8)","Full","Full","Full","Full","Full (4)","","Full","Full (30)","Full","Full","Full","Full",0,"2006/11/27 16:46","UK Install","","markd6","Full"
"******","Internal Test - markd6","C0A8-000C","192-000-000-168-000-000","","Internal Testing Only","******","v5.70 BETA","Global/SPOP/1","","",3,"","","","","","","","",""," (0/0)","","","",""," (0)","",""," (0)","","Full","","",0,"2006/12/01 15:12","UK Install","","markd6",""
"******","Internal Test - markd6","","000-000-000-000-000-000","","Internal Testing Only","******","","Prof/4","","",5,"","","","","","","","",""," (0/0)","","","",""," (0)","",""," (0)","","","","",8,"2006/12/04 13:57","UK Auto-Upgrade","","markd6",""
"******","Internal Test - markd6","587B-8620","088-000-000-123-000-000","","Internal Testing Only","******","v5.70 BETA","Global/SPOP/4","WGE v8","FFFFFFFFFFFFFFFFFFFFFFFF",4,"Full","Full","Full","Full","Full","Full","Full","Full","Full"," (0/9)","Full","Full","Full","Full","Full (2)","","Full","Full (1)","Full","Full","Full","Full",0,"2006/12/05 15:49","UK Install","","markd6","Full"
"******","Internal Test - markd6","C0A8-0002","192-000-000-168-000-000","","Internal Testing Only","******","v5.70 BETA","Global/SPOP/5","","",4,"Full","Full","Full","Full","Full","Full","Full","Full","Full"," (0/6)","Full","Full","Full","Full","Full (4)","","Full","Full (1)","Full","Full","Full","Full",0,"2006/12/12 12:11","UK Demo Install","","markd6","Full"
"******","Internal Test - markd6","C0A8-0002","192-156-110-168-095-165","","Internal Testing Only","******","v5.70 BETA","Global/SPOP/5","","",5,"","","","","","","","",""," (0/0)","","","",""," (0)","",""," (0)","","Full","","",0,"2006/12/12 13:55","UK Demo Upgrade","","markd6",""
"******","Internal Test - markd6","C0A8-000C","192-000-000-168-000-000","","Internal Testing Only","******","v5.70 BETA","Global/SPOP/12","","",10,"Full","Full","Full","Full","Full","Full","Full","Full","Full"," (0/8)","Full","Full","Full","Full","Full (4)","","Full"," (0)","Full","Full","Full","Full",0,"2007/01/09 09:34","UK Install","","markd6","Full"
"******","Internal Test - markd6","C0A8-0002","192-000-000-168-000-000","","Internal Testing Only","******","v5.70 BETA","Global/SPOP/8","","",10,"Full","Full","Full","Full","Full","Full","Full","Full","Full"," (0/16)","Full","Full","Full","Full","Full (4)","","Full","Full (1)","Full","Full","Full","Full",0,"2007/01/10 09:39","UK Install","","markd6","Full","Full"
"******","Internal Test - markd6","C0A8-000C","192-000-000-168-000-000","","Internal Testing Only","******","v5.70 BETA","Global/SPOP/1","","",1,"Full","Full","Full","Full","Full","Full","Full","Full","Full"," (0/12)","Full","Full","Full","Full","Full (4)","","Full","Full (20)","Full","Full","Full","Full",0,"2007/03/06 11:08","UK Install","","markd6","Full","Full"
"******","Internal Test - markd6","C0A8-000C","192-000-000-168-000-000","","Internal Testing Only","******","v5.70 BETA","Global/SPOP/8","","",15,"Full","Full","Full","Full","Full","Full","Full","Full","Full"," (0/12)","Full","Full","Full","Full","Full (4)","","Full","Full (30)","Full","Full","Full","Full",0,"2007/03/06 11:10","UK Install","","markd6","Full","Full"
"******","Internal Test - markd6","C0A8-000C","192-000-000-168-000-000","","Internal Testing Only","******","v5.70 BETA","Global/SPOP/12","WGE v8","123456123456123456123456",15,"Full","Full","Full","Full","Full","Full","Full","Full","Full"," (0/8)","Full","Full","Full","Full","Full (4)","","Full","Full (1)","Full","Full","Full","Full",0,"2007/03/06 11:12","UK Install","","markd6","Full","Full"
"******","Internal Test - markd6","C0A8-000C","192-000-000-168-000-000","","Internal Testing Only","******","v5.70 BETA","Global/SPOP/CS/12","NT/10","123456781234567812345678",15,"Full","Full","Full","Full","Full","Full","Full","Full","Full"," (0/12)","Full","Full","Full","Full","Full (4)","","Full","Full (1)","Full","Full","Full","Full",0,"2007/03/06 11:14","UK Install","","markd6","Full","Full"
"******","Internal Test - markd6","C0A8-000C","192-000-000-168-000-000","","Internal Testing Only","******","v5.70 BETA","Global/SPOP/CS/12","","",15,"Full","Full","Full","Full","Full","Full","Full","Full","Full"," (0/12)","Full","Full","Full","Full","Full (4)","","Full","Full (1)","Full","Full","Full","Full",0,"2007/03/06 11:15","UK Install","","markd6","Full","Full"
"******","Internal Test - markd6","C0A8-000C","192-000-000-168-000-000","","Internal Testing Only","******","v5.70 BETA","Global/SPOP/8","","",10,"30-Day","30-Day","30-Day","30-Day","30-Day","","30-Day","30-Day","","30-Day (0/8)","30-Day","30-Day","30-Day","30-Day","30-Day (4)","30-Day","","30-Day (1)","30-Day","30-Day","30-Day","30-Day",0,"2007/04/24 09:34","UK Install","","markd6","30-Day","30-Day"
"******","NFrewer Vista Testing","160F-FB88","022-000-000-015-000-000","","Internal Testing Only","******","v5.70 BETA","Global/SPOP/4","","",10,"Full","Full","Full","Full","Full","Full","Full","Full","Full"," (0/8)","Full","Full","Full","Full","Full (4)","","Full","Full (500)","Full","Full","Full","Full",0,"2007/05/01 16:10","UK Install","","markd6","Full","Full"
"******","Internal Test - markd6","A10E-7079","161-000-000-014-000-000","","Internal Testing Only","******","v5.70 BETA","Global/SPOP/8","","",10,"Full","Full","Full","Full","Full","Full","Full","Full","Full"," (0/8)","Full","Full","Full","Full","Full (4)","","Full","Full (500)","Full","Full","Full","Full",0,"2007/06/12 16:43","UK Install","","markd6","Full","Full"
"******","Internal Test - markd6","587B-8620","088-000-000-123-000-000","","Internal Testing Only","******","v5.70 BETA","Global/SPOP/8","","",10,"Full","Full","Full","","","Full","Full","Full","Full"," (0/12)","Full","Full","Full","Full","Full (4)","","Full","Full (1)","Full","Full","Full","Full",0,"2007/07/02 08:54","UK Install","","markd6","Full",""
"******","Internal Test - markd6","587B-8620","088-000-000-123-000-000","","Internal Testing Only","******","v5.70 BETA","Global/SPOP/CS/8","","",10,"Full","Full","Full","","","Full","Full","Full","Full"," (0/8)","Full","Full","Full","Full","Full (4)","","Full","Full (4)","Full","Full","Full","Full",0,"2007/07/04 15:32","UK Install","","markd6","Full",""
"******","Internal Test - Dave Holt","C0A8-0002","192-000-000-168-000-000","","Internal Testing Only","******","v5.70 BETA","Global/SPOP/CS/8","","",10,"Full","Full","Full","Full","Full","Full","Full","Full","Full"," (0/8)","Full","Full","Full","Full","Full (4)","","Full","Full (1)","Full","Full","Full","Full",0,"2007/08/08 15:20","UK Install","","markd6","Full","Full"
"******","Internal Test - Dirty Mark","FC06-0B02","252-000-000-006-000-000","","Internal Testing Only","******","v5.70 BETA","Global/SPOP/CS/4","","",10,"Full","Full","Full","Full","Full","Full","Full","Full","Full"," (0/4)","Full","Full","Full","Full","Full (4)","","Full","Full (500)","Full","Full","Full","Full",0,"2007/08/08 16:37","UK Install","","markd6","Full","Full"
"******","Internal Test - Rob Steele","A8DC-4CDF","168-000-000-220-000-000","","Internal Testing Only","******","v5.70 BETA","Global/SPOP/CS/8","","",10,"Full","Full","Full","Full","Full","Full","Full","Full","Full"," (0/4)","Full","Full","Full","Full","Full (4)","","Full","Full (500)","Full","Full","Full","Full",0,"2007/08/09 16:52","UK Install","","markd6","Full","Full"
"******","Internal Test - Sparkie","808E-7553","128-000-000-142-000-000","","Internal Testing Only","******","v5.70 BETA","Global/SPOP/CS/4","","",10,"Full","Full","Full","Full","Full","Full","Full","Full","Full"," (0/4)","Full","Full","Full","Full","Full (4)","","Full","Full (500)","Full","Full","Full","Full",0,"2007/08/13 09:01","UK Install","","markd6","Full","Full"
"******","The One & Only Irfan","0000-0000","000-000-000-000-000-000","","Internal Testing Only","******","v5.70 BETA","Global/SPOP/CS/4","","",5,"Full","Full","Full","Full","Full","Full","Full","Full","Full"," (0/4)","Full","Full","Full","Full","Full (4)","","Full","Full (500)","Full","Full","Full","Full",0,"2007/08/13 16:00","UK Install","","markd6","Full","Full"
"******","The One & Only Irfan","3411-3053","052-000-000-017-000-000","","Internal Testing Only","******","v5.70 BETA","Global/SPOP/CS/8","","",10,"Full","Full","Full","Full","Full","Full","Full","Full","Full"," (0/4)","Full","Full","Full","Full","Full (4)","","Full","Full (500)","Full","Full","Full","Full",0,"2007/08/13 16:02","UK Install","","markd6","Full","Full"
"******","Internal Test - markd6","0000-0000","000-000-000-000-000-000","","Internal Testing Only","******","v5.70 BETA","Global/SPOP/5","","",2,"","30-Day","","","","","","",""," (0/0)","","","",""," (0)","",""," (0)","","Full","","",0,"2007/09/12 15:41","UK Install","","markd6","",""
"******","Internal Test - markd6","","000-000-000-000-000-000","","Internal Testing Only","******","","Prof/4","","",5,"","","","","","","","",""," (0/0)","","","",""," (0)","",""," (0)","","","","",8,"2007/09/12 16:48","UK Auto-Upgrade","","markd6","",""
"******","Internal Test - markd6","2C66-38A6","044-000-000-102-000-000","","Internal Testing Only","******","v5.70 BETA","Global/SPOP/CS/12","","",10,"Full","Full","Full","Full","Full","Full","Full","Full","Full"," (0/8)","Full","Full","Full","Full","Full (4)","","Full","Full (1)","Full","Full","Full","Full",0,"2007/09/19 15:18","UK Install","","markd6","Full","Full"
"******","Internal Test - markd6","","000-000-000-000-000-000","","Internal Testing Only","******","","Prof/4","","",5,"","","","","","","","",""," (0/0)","","","",""," (0)","",""," (0)","","","","",8,"2007/09/21 14:10","UK Auto-Upgrade","","markd6","",""
"******","Internal Test - markd6","","000-000-000-000-000-000","","Internal Testing Only","******","","Prof/4","","",5,"","","","","","","","",""," (0/0)","","","",""," (0)","",""," (0)","","","","",9,"2007/09/21 15:26","UK Auto-Upgrade","","markd6","",""
"******","Internal Test - markd6","","000-000-000-000-000-000","","Internal Testing Only","******","","Prof/4","","",5,"","","","","","","","",""," (0/0)","","","",""," (0)","",""," (0)","","","","",9,"2007/09/21 15:43","UK Auto-Upgrade","","markd6","",""
"******","Internal Test - markd6","","000-000-000-000-000-000","","Internal Testing Only","******","","Prof/4","","",5,"","","","","","","","",""," (0/0)","","","",""," (0)","",""," (0)","","","","",9,"2007/09/21 16:37","UK Auto-Upgrade","","markd6","",""
"******","Internal Test - markd6","5487-E193","084-000-000-135-000-000","","Internal Testing Only","******","v5.70 BETA","Global/SPOP/4","","",5,"","","","","","","","",""," (0/0)","","","",""," (0)","",""," (0)","","Full","","",0,"2007/09/25 17:24","UK Install","","markd6","",""
"******","Internal Test - prutherford440","1AEE-993A","026-000-000-238-000-000","","Internal Testing Only","******","v5.70 BETA","Global/SPOP/4","","",5,"Full","Full","Full","Full","Full","Full","Full","Full","Full"," (0/4)","Full","Full","Full","Full","Full (4)","","Full","Full (1)","Full","Full","Full","Full",0,"2007/09/27 15:40","UK Install","","markd6","Full","Full"
"******","Internal Test - Irfan","0000-0000","000-000-000-000-000-000","","Internal Testing Only","******","v5.70 BETA","Global/SPOP/CS/8","","",5,"Full","Full","Full","Full","Full","Full","Full","Full","","Full (0/4)","Full","Full","Full","Full","Full (4)","","Full","Full (1)","Full","Full","Full","Full",0,"2007/10/03 10:45","UK Install","","markd6","Full","Full"
"******","Internal Test - Irfan","CCAF-42CA","204-000-000-175-000-000","","Internal Testing Only","******","v5.70 BETA","Global/SPOP/CS/4","","",5,"Full","Full","Full","Full","Full","Full","Full","Full","Full"," (0/1)","Full","Full","Full","Full","Full (4)","","Full","Full (1)","Full","Full","Full","Full",0,"2007/10/03 11:11","UK Install","","markd6","Full","Full"
"******","Internal Test - EAL","375F-4EFC","055-000-000-095-000-000","","Internal Testing Only","******","v5.70 BETA","Global/SPOP/CS/8","","",10,"Full","Full","Full","Full","Full","Full","Full","Full","Full"," (0/12)","Full","Full","Full","Full","Full (4)","","Full","Full (1)","Full","Full","Full","Full",0,"2007/10/31 10:01","UK Demo Install","","markd6","Full","Full"
"******","Internal Test - markd6","AC1A-D10B","172-000-000-026-000-000","","Internal Testing Only","******","v5.70 BETA","Global/SPOP/CS/12","NT/10","123456781234567812345678",15,"Full","Full","Full","Full","Full","Full","Full","Full","Full"," (0/12)","Full","Full","Full","Full","Full (4)","","Full","Full (1)","Full","Full","Full","Full",0,"2008/01/24 10:11","UK Install","","markd6","Full","Full"
"******","Internal Test - markd6","AC1A-D10B","172-000-000-026-000-000","","Internal Testing Only","******","v5.70 BETA","Global/SPOP/CS/12","","",15,"Full","Full","Full","Full","Full","Full","Full","Full","","Full (0/12)","Full","Full","Full","Full","Full (4)","","Full","Full (1)","Full","Full","Full","Full",0,"2008/01/24 10:14","UK Install","","markd6","Full","Full"
"******","Internal Test - markd6","AC1A-D10B","172-000-000-026-000-000","","Internal Testing Only","******","v5.70 BETA","Global/SPOP/12","WGE v8","123456123456123456123456",15,"Full","Full","Full","Full","Full","Full","Full","Full","Full"," (0/12)","Full","Full","Full","Full","Full (4)","","Full","Full (1)","Full","Full","Full","Full",0,"2008/01/24 10:17","UK Install","","markd6","Full","Full"
"******","Internal Test - markd6","0000-0000","000-000-000-000-000-000","","Internal Testing Only","******","v5.70 BETA","Global/SPOP/CS/8","","",8989,"","","","","","","","",""," (0/0)","","","",""," (0)","",""," (0)","","Full","","",0,"2008/01/30 11:26","UK Install","","markd6","",""
"******","Internal Test - prutherford440","5AC8-0B3F","090-000-000-200-000-000","","Internal Testing Only","******","v5.70 BETA","Global/SPOP/CS/12","","",10,"Full","Full","Full","Full","Full","Full","Full","Full","Full"," (0/12)","Full","Full","Full","Full","Full (4)","","Full","Full (1)","Full","Full","Full","Full",0,"2008/02/08 12:34","UK Install","","markd6","Full",""
"******","Internal Test - markd6","AC1A-D10B","172-000-000-026-000-000","","Internal Testing Only","******","v5.70 BETA","Global/SPOP/CS/8","","",5,"","","","","","","","",""," (0/0)","","","",""," (0)","",""," (0)","","Full","","",0,"2008/02/13 11:40","UK Install","","markd6","",""
"******","Internal Test - markd6","AC1A-D10B","172-156-110-026-095-165","","Internal Testing Only","******","v5.70 BETA","Global/SPOP/CS/12","","",10,"","","","","","","","",""," (0/0)","","","",""," (0)","",""," (0)","","Full","","Full",0,"2008/02/13 12:05","UK Upgrade","","markd6","",""
"******","Internal Test - markd6","AC1A-D10B","172-156-110-026-095-165","","Internal Testing Only","******","v5.70 BETA","Global/SPOP/CS/12","","",10,"Full","Full","Full","Full","Full","Full","Full","Full","","Full (0/4)","Full","Full","Full","Full","Full (4)","","Full","Full (1)","Full","Full","Full","Full",0,"2008/02/13 12:19","UK Upgrade","","markd6","Full","Full"
"******","Internal Test - markd6","AC1A-D10B","012-167-216-124-091-030","","Internal Testing Only","******","v5.70 BETA","Global/SPOP/CS/12","","",10,"Full","Full","Full","Full","Full","Full","Full","Full","Full"," (0/8)","Full","Full","Full","Full","Full (4)","","Full","Full (1)","Full","Full","Full","Full",0,"2008/02/14 15:21","UK Upgrade","","markd6","Full","Full"
"******","Internal Test - markd6","AC1A-D10B","172-156-110-026-095-165","","Internal Testing Only","******","v5.70 BETA","Global/SPOP/CS/12","","",10,"Full","Full","Full","Full","Full","Full","Full","Full","Full"," (0/4)","Full","Full","Full","Full","Full (4)","","Full","Full (1)","Full","Full","Full","Full",0,"2008/02/15 09:26","UK Upgrade","","markd6","Full","Full"
"******","Internal Test - CTaylor (Datchet)","289E-2E7C","040-000-000-158-000-000","","Internal Testing Only","******","v5.70 BETA","Global/SPOP/CS/8","","",5,"Full","Full","Full","Full","Full","Full","Full","Full","Full"," (0/4)","Full","Full","Full","Full","Full (4)","","Full","Full (1)","Full","Full","Full","Full",0,"2008/02/15 11:10","UK Install","","markd6","Full","Full"
"******","Internal Test - CSandow","3852-618F","056-000-000-082-000-000","","Internal Testing Only","******","v5.70 BETA","Global/SPOP/CS/8","","",15,"Full","Full","Full","Full","Full","Full","Full","Full","Full"," (0/4)","Full","Full","Full","Full","Full (4)","","Full","Full (1)","Full","Full","Full","Full",0,"2008/02/18 12:29","UK Install","","markd6","Full","Full"
"******","Internal Test - CSandow","3852-63E1","056-000-000-082-000-000","","Internal Testing Only","******","v5.70 BETA","Global/SPOP/CS/8","","",5,"Full","Full","Full","Full","Full","Full","Full","Full","Full"," (0/8)","Full","Full","Full","Full","Full (4)","","Full","Full (1)","Full","Full","Full","Full",0,"2008/02/18 12:34","UK Install","","markd6","Full","Full"
"******","Internal Test - CSandow","5487-E193","084-000-000-135-000-000","","Internal Testing Only","******","v5.70 BETA","Global/SPOP/CS/4","","",4,"Full","Full","Full","Full","Full","Full","Full","Full","Full"," (0/4)","Full","Full","Full","Full","Full (4)","","Full","Full (1)","Full","Full","Full","Full",0,"2008/02/18 12:42","UK Install","","markd6","Full","Full"
"******","Internal Test - markd6","AC1A-D10B","172-156-110-026-095-165","","Internal Testing Only","******","v5.70 BETA","Global/SPOP/CS/8","","",10,"Full","Full","Full","Full","Full","Full","Full","Full","Full"," (0/8)","Full","Full","Full","Full","Full (4)","","Full","Full (1)","Full","Full","Full","Full",0,"2008/02/18 13:01","UK Upgrade","","markd6","Full","Full"
"******","Internal Test - markd6","","000-000-000-000-000-000","","Internal Testing Only","******","","Prof/4","","",5,"","","","","","","","",""," (0/0)","","","",""," (0)","",""," (0)","","","","",10,"2008/02/19 12:37","UK Auto-Upgrade","","markd6","",""
"******","Internal Test - Andy Sweetman","1C5D-69F8","000-080-088-000-107-068","","Internal Testing Only","******","v5.70 BETA","Global/SPOP/8","","",10,"Full","Full","Full","Full","Full","Full","Full","Full","Full"," (0/4)","Full","Full","Full","Full","Full (4)","","Full","Full (1)","Full","Full","Full","Full",0,"2008/02/20 10:57","UK Upgrade","","markd6","Full","Full"
"******","Internal Test - csandow","5C0F-9C10","092-000-000-015-000-000","","Internal Testing Only","******","v5.70 BETA","Global/SPOP/8","","",10,"Full","Full","Full","Full","Full","Full","Full","Full","Full"," (0/8)","Full","Full","Full","Full","Full (4)","","Full","Full (1)","Full","Full","Full","Full",0,"2008/02/26 10:31","UK Install","","markd6","Full","Full"
"******","Internal Test - markd6","AC1A-D10B","172-156-110-026-095-165","","Internal Testing Only","******","v5.70 BETA","Global/SPOP/CS/8","","",10,"Full","Full","Full","Full","Full","Full","Full","Full","Full"," (0/8)","Full","Full","Full","Full","Full (4)","","Full","Full (1)","Full","Full","Full","Full",0,"2008/03/04 09:55","UK Upgrade","","markd6","Full","Full"
"******","Internal Test - Irfan","2CE0-D74B","044-000-000-224-000-000","","Internal Testing Only","******","v5.70 BETA","Global/SPOP/CS/8","","",10,"Full","Full","Full","Full","Full","Full","Full","Full","Full"," (0/8)","Full","Full","Full","Full","Full (4)","","Full","Full (1)","Full","Full","Full","Full",0,"2008/03/19 12:08","UK Install","","markd6","Full","Full"
"******","Internal Test - Irfan","2CE0-D74B","044-000-000-224-000-000","","Internal Testing Only","******","v5.70 BETA","Global/SPOP/CS/8","","",10,"Full","Full","Full","Full","Full","Full","Full","Full","Full"," (0/8)","Full","Full","Full","Full","Full (4)","","Full","Full (1)","Full","Full","Full","Full",0,"2008/03/20 16:03","UK Install","","markd6","Full","Full"
"******","Internal Test - Irfan","2CE0-D74B","044-000-000-224-000-000","","Internal Testing Only","******","v5.70 BETA","Global/SPOP/8","","",10,"Full","Full","Full","Full","Full","Full","Full","Full","Full"," (0/8)","Full","Full","Full","Full","Full (4)","","Full","Full (1)","Full","Full","Full","Full",0,"2008/03/20 16:05","UK Install","","markd6","Full","Full"
"******","Internal Test - markd6","AC1A-D10B","172-000-000-026-000-000","","Internal Testing Only","******","v5.70 BETA","Global/SPOP/CS/8","","",10,"Full","Full","Full","Full","Full","Full","Full","Full","Full"," (0/8)","Full","Full","Full","Full","Full (4)","","Full","Full (1)","Full","Full","","Full",0,"2008/04/02 15:40","UK Install","","markd6","Full","Full"
"******","Internal Test - Irfan","0000-0000","000-000-000-000-000-000","","Internal Testing Only","******","v5.70 BETA","Global/SPOP/CS/8","","",10,"Full","Full","Full","Full","Full","Full","Full","Full","Full"," (0/8)","Full","Full","Full","Full","Full (4)","","Full","Full (1)","Full","Full","Full","Full",0,"2008/04/10 11:49","UK Install","","markd6","Full","Full"
"******","Internal Test - Irfan","0000-0000","000-000-000-000-000-000","","Internal Testing Only","******","v5.70 BETA","Global/SPOP/CS/8","","",10,"Full","Full","Full","Full","Full","Full","Full","Full","Full"," (0/4)","Full","Full","Full","Full","Full (4)","","Full","Full (1)","Full","Full","Full","Full",0,"2008/04/10 11:50","UK Install","","markd6","Full","Full"
"******","Internal Test - markd6","AC1A-D10B","172-000-000-026-000-000","","Internal Testing Only","******","v5.70 BETA","Global/SPOP/CS/4","","",3,"Full","Full","Full","Full","Full","Full","Full","Full","Full"," (0/4)","Full","Full","Full","Full","Full (4)","","Full","Full (1)","Full","Full","","Full",0,"2008/04/23 12:15","UK Install","","markd6","Full","Full"
"******","Internal Test - markd6","AC1A-D10B","172-000-000-026-000-000","","Internal Testing Only","******","v5.70 BETA","Global/SPOP/CS/4","","",3,"Full","Full","Full","Full","Full","Full","","Full","Full"," (0/4)","Full","Full","Full","Full","Full (4)","","Full","Full (1)","Full","Full","","Full",0,"2008/04/23 14:19","UK Install","","markd6","Full","Full"
"******","Internal Test - markd6","AC1A-D10B","172-156-110-026-095-165","","Internal Testing Only","******","v5.70 BETA","Global/SPOP/CS/4","","",3,"Full","Full","Full","Full","Full","Full","Full","Full","Full"," (0/4)","Full","Full","Full","Full","Full (4)","","Full","Full (2)","Full","Full","Full","Full",0,"2008/04/23 16:03","UK Upgrade","","markd6","Full","Full"
"******","Internal Test - markd6","5C0F-9C10","092-000-000-015-000-000","","Internal Testing Only","******","v5.70 BETA","Global/SPOP/CS/8","","",10,"Full","Full","Full","Full","Full","Full","Full","Full","Full"," (0/5)","Full","Full","Full","Full","Full (4)","Full","","Full (1)","Full","Full","Full","Full",0,"2008/05/28 16:37","UK Install","","markd6","Full",""
"******","DH Computers Services Ltd","8045-777F","128-000-000-069-000-000","","Internal Testing Only","******","v5.70 BETA","Global/SPOP/CS/12","","",20,"Full","Full","Full","Full","Full","Full","Full","Full","Full"," (0/8)","Full","Full","Full","Full","Full (4)","","Full","Full (1)","Full","Full","Full","Full",0,"2008/05/30 15:47","UK Install","","markd6","Full","Full"
"******","Internal Test - Nilesh Desai","056E-7BF0","000-232-152-000-154-157","","Internal Testing Only","******","v5.70 BETA","Global/SPOP/CS/8","","",10,"Full","Full","Full","Full","Full","Full","Full","Full","Full"," (0/8)","Full","Full","Full","Full","Full (4)","","Full","Full (1)","Full","Full","Full","Full",0,"2008/06/17 09:56","UK Upgrade","","markd6","Full","Full"
"******","Internal Test - Nilesh Desai","E898-9A9D","232-000-000-152-000-000","","Internal Testing Only","******","v5.70 BETA","Global/SPOP/CS/8","","",10,"Full","Full","Full","Full","Full","Full","","Full","Full"," (0/8)","Full","Full","Full","Full","Full (4)","","Full","Full (500)","Full","Full","Full","Full",0,"2008/06/17 10:11","UK Install","","markd6","Full",""
"******","Internal Test - markd6","AC1A-D10B","172-000-000-026-000-000","","Internal Testing Only","******","v5.70 BETA","Global/SPOP/CS/12","","",15,"Full","Full","Full","Full","Full","Full","Full","Full","","Full (0/12)","Full","Full","Full","Full","Full (4)","","Full","Full (500)","Full","Full","Full","Full",0,"2008/06/19 16:47","UK Install","","markd6","Full","Full"
"******","Internal Test - markd6","5C0F-9C10","092-000-000-015-000-000","","Internal Testing Only","******","v5.70 BETA","Global/SPOP/12","","",10,"Full","Full","Full","Full","Full","Full","Full","Full","Full"," (0/8)","Full","Full","Full","Full","Full (4)","","Full","Full (500)","Full","Full","Full","Full",0,"2008/06/25 15:36","UK Install","","markd6","Full",""
"******","Internal Test - markd6","5487-E193","084-000-000-135-000-000","","Internal Testing Only","******","v5.70 BETA","Global/SPOP/CS/8","","",10,"Full","Full","Full","Full","Full","Full","Full","Full","","Full (0/12)","Full","Full","Full","Full","Full (4)","","Full","Full (1)","Full","Full","Full","Full",0,"2008/07/17 12:32","UK Install","","markd6","Full","Full"
"******","Internal Test - markd6","1846-01DC","024-000-000-070-000-000","","Internal Testing Only","******","v5.70 BETA","Global/SPOP/CS/8","","",10,"Full","Full","Full","Full","Full","Full","","Full","Full"," (0/8)","Full","Full","Full","Full","Full (4)","Full","","Full (500)","Full","Full","Full","Full",0,"2008/07/22 16:04","UK Install","","markd6","Full","Full"
"******","Internal Test - markd6","38F8-5F3D","056-000-000-248-000-000","","Internal Testing Only","******","v5.70 BETA","Global/SPOP/CS/8","","",10,"Full","Full","Full","Full","Full","Full","","Full","Full"," (0/4)","Full","Full","Full","Full","Full (4)","","Full","Full (500)","Full","Full","Full","Full",0,"2008/07/24 12:16","UK Install","","markd6","Full","Full"
"******","Internal Test - CSandow","5C0F-9C10","092-000-000-015-000-000","","Internal Testing Only","******","v5.70 BETA","Global/SPOP/8","","",10,"Full","Full","Full","Full","Full","Full","","Full","Full"," (0/8)","Full","Full","Full","Full","Full (4)","","Full","Full (500)","Full","Full","Full","Full",0,"2008/08/01 12:41","UK Install","","markd6","Full","Full"
"******","Internal Test - markd6","AC1A-D10B","172-156-110-026-095-165","","Internal Testing Only","******","v5.70 BETA","Global/SPOP/CS/12","","",10,"Full","Full","Full","Full","Full","Full","Full","Full","Full"," (0/12)","Full","Full","Full","Full","Full (4)","","Full","Full (500)","Full","Full","Full","Full",0,"2008/08/20 15:13","UK Upgrade","","markd6","Full",""
"******","Internal Test - Ameet","3881-69FC","056-000-000-129-000-000","","Internal Testing Only","******","v5.70 BETA","Global/SPOP/CS/4","","",5,"Full","Full","Full","Full","Full","Full","","Full","Full"," (0/12)","Full","Full","Full","Full","Full (4)","","Full","Full (500)","Full","Full","Full","Full",0,"2008/08/21 14:45","UK Install","","markd6","Full",""
"******","Internal Test - markd6","5C0F-9C10","092-000-000-015-000-000","","Internal Testing Only","******","v5.70 BETA","Global/SPOP/CS/8","","",10,"Full","Full","Full","Full","Full","Full","","Full","Full"," (0/8)","Full","Full","Full","Full","Full (4)","","Full","Full (500)","Full","Full","Full","Full",0,"2008/08/22 17:04","UK Install","","markd6","Full",""
"******","Internal Test - csandow","6CDC-D94F","108-000-000-220-000-000","","Internal Testing Only","******","v5.70 BETA","Global/SPOP/CS/8","","",10,"Full","Full","Full","Full","Full","Full","","Full","Full"," (0/8)","Full","Full","Full","Full","Full (4)","","Full","Full (500)","Full","Full","Full","Full",0,"2008/08/26 10:47","UK Install","","markd6","Full","Full"
"******","Internal Test - Paul Rutherford","5C0F-9C10","092-000-000-015-000-000","","Internal Testing Only","******","v5.70 BETA","Global/SPOP/CS/12","","",15,"Full","Full","Full","Full","Full","Full","","Full","Full"," (0/8)","Full","Full","Full","Full","Full (4)","","Full","Full (500)","Full","Full","Full","Full",0,"2008/09/10 15:03","UK Install","","markd6","Full",""
"******","Internal Test - Paul O'Rutherford","5C0F-9C10","092-000-000-015-000-000","","Internal Testing Only","******","v5.70 BETA","Global/SPOP/8","","",10,"Full","Full","Full","Full","Full","Full","","Full","","Full (0/8)","Full","Full","Full","Full","Full (4)","","Full","Full (500)","Full","Full","Full","Full",0,"2008/09/19 16:37","EIRE Install","","markd6","Full",""
"******","Internal Test - markd6","AC85-60D6","172-000-000-133-000-000","","Internal Testing Only","******","v5.70 BETA","Global/SPOP/CS/8","","",10,"Full","Full","Full","Full","Full","Full","","Full","","Full (0/8)","Full","Full","Full","Full","Full (4)","","Full","Full (500)","Full","Full","Full","Full",0,"2008/09/26 12:34","UK Install","","markd6","Full",""
"******","Internal Test - Eduardo","E0DB-B5DF","224-000-000-219-000-000","","Internal Testing Only","******","v5.70 BETA","Global/SPOP/8","","",10,"Full","Full","Full","Full","Full","Full","","Full","Full"," (0/12)","Full","Full","Full","Full","Full (4)","","Full","Full (500)","Full","Full","Full","Full",0,"2008/11/04 11:58","UK Install","","markd6","Full","Full"
"******","Internal Test - Eduardo","E0DB-B5DF","224-000-000-219-000-000","","Internal Testing Only","******","v5.70 BETA","Global/SPOP/CS/8","","",10,"Full","Full","Full","Full","Full","Full","","Full","Full"," (0/12)","Full","Full","Full","Full","Full (4)","","Full","Full (500)","Full","Full","Full","Full",0,"2008/11/04 12:03","UK Install","","markd6","Full","Full"
"BURT01","Internal Test - markd6","1C61-D44B","028-000-000-097-000-000","","AW Computer Solutions","AWCO02","v5.70 BETA","Euro/Stock/CS/8","","",10,"30-Day","30-Day","30-Day","30-Day","30-Day","","","","","30-Day (4/8)","30-Day","30-Day","30-Day","30-Day","30-Day (24)","","30-Day","30-Day (123)","30-Day","30-Day","30-Day","30-Day",0,"2010/03/31 11:20","UK Install","","markd6","30-Day","30-Day"
"BURT01","Internal Test - markd6","1C1C-2D2D","028-000-000-028-000-000","","ems Ltd","BURT S","v5.70 BETA","Euro/Stock/CS/8","","",10,"30-Day","30-Day","30-Day","30-Day","30-Day","","","","","30-Day (4/8)","30-Day","30-Day","30-Day","30-Day","30-Day (24)","","30-Day","30-Day (123)","30-Day","Full","30-Day","30-Day",0,"2010/03/31 11:24","UK Install","","markd6","30-Day","30-Day"
"BURT01","ABS Systems Ltd","2D2D-3E3E","123-123-123-123-123-123","213-213-213-213-213-213","ems Ltd","BURT S","v5.70 BETA","Global/Stock/CS/8","","",15,"30-Day","30-Day","30-Day","30-Day","30-Day","","30-Day","","","30-Day (8/16)","30-Day","30-Day","30-Day","30-Day","30-Day (24)","","30-Day","30-Day (255)","30-Day","30-Day","30-Day","30-Day",0,"2010/03/31 11:26","RSA Upgrade","","markd6","30-Day","30-Day"
"BURT01","Singapore Bus Service Ltd","1F1F-2E2E","012-012-012-012-012-012","234-234-234-234-234-234","ems Ltd","BURT S","v5.70 BETA","Euro/Stock/CS/16","","",10,"30-Day","30-Day","30-Day","30-Day","30-Day","","30-Day","","","30-Day (8/16)","30-Day","30-Day","30-Day","30-Day","30-Day (2)","30-Day","","30-Day (255)","30-Day","30-Day","30-Day","30-Day",0,"2010/03/31 11:29","Sing Upgrade","","markd6","30-Day","30-Day"
"JHFG","Internal Test - markd6","3040-57A3","048-000-000-064-000-000","","Burt Systems Ltd","123456","v5.70 BETA","Global/SPOP/8","","",10,"Full","Full","Full","Full","Full","Full","","Full","Full"," (0/8)","Full","Full","Full","Full","Full (4)","","Full","Full (500)","Full","Full","Full","Full",0,"2010/03/31 11:54","UK Install","","markd6","Full",""
"JHG","Internal Test - markd6","3040-57A3","048-000-000-064-000-000","","Burt Systems Ltd","5STA01","v5.70 BETA","Global/SPOP/8","","",10,"Full","Full","Full","Full","Full","Full","","Full","Full"," (0/8)","Full","Full","Full","Full","Full (4)","","Full","Full (500)","Full","Full","Full","Full",0,"2010/03/31 11:56","UK Install","","markd6","Full",""
"786","Internal Test - markd6","3040-57A3","048-000-000-064-000-000","","Burt Systems Ltd","CAST07","v5.70 BETA","Global/SPOP/8","","",10,"Full","Full","Full","Full","Full","Full","","Full","Full"," (0/8)","Full","Full","Full","Full","Full (4)","","Full","Full (500)","Full","Full","Full","Full",0,"2010/03/31 11:59","UK Install","","markd6","Full",""
"BURT01","Internal Test - markd6","3040-57A3","048-000-000-064-000-000","","Burt Systems Ltd","4SSY01","v6.2.2","Global/SPOP/8","","",10,"Full","Full","Full","Full","Full","Full","","Full","Full"," (0/8)","Full","Full","Full","Full","Full (4)","","Full","Full (500)","Full","Full","Full","Full",0,"2010/03/31 12:05","UK Install","","markd6","Full",""
"KLM","Singapore Bus Service Ltd","1F1F-2E2E","012-012-012-012-012-012","234-234-234-234-234-234","","","v6.2.2","Euro/Stock/CS/16","","",10,"30-Day","30-Day","30-Day","30-Day","30-Day","","30-Day","","","30-Day (8/16)","30-Day","30-Day","30-Day","30-Day","30-Day (2)","30-Day","","30-Day (255)","30-Day","Full","30-Day","30-Day",0,"2010/03/31 12:18","Sing Upgrade","","markd6","30-Day","30-Day"
"67","Internal Test - markd6","3040-57A3","048-000-000-064-000-000","","Cooper Parry LLP - IT Services","COOP16","v6.2.2","Global/SPOP/8","","",10,"Full","Full","Full","Full","Full","Full","","Full","Full"," (0/8)","Full","Full","Full","Full","Full (4)","","Full","Full (500)","Full","Full","Full","Full",0,"2010/03/31 12:19","UK Install","","markd6","Full",""
"******","Internal Test - markd6","320D-9F63","050-000-000-013-000-000","","Internal Testing Only","******","v6.2.2","Prof/4","","",5,"","","","","","","","",""," (0/0)","","","",""," (0)","",""," (0)","","","","",0,"2010/03/31 13:01","EIRE Install","","markd6","",""
